0,,,,,,,,,"-2,33","8,67","21,96",,,
S_Name,S_Sales,S_Refunds,S_Chargebacks,S_Inicio,S_Fin,O_Ventas,O_Refunds,O_Chargebacks,D_Ventas,D_Refunds,D_Chargebacks,OtheBancs,Diferencia,D_Chargebacks
,,,,20/4/2026,28/4/2026,"6.964,00","-2.156,00",0,"-6.964,00","-2.156,00","0,00",,,
30/04/2026_settlement_report_checkout_00000003CMGG_f143c33e79afe4e0c9ea2375070c3d19.pdf,"936,00","312,00","0,00",29/4/2026,29/4/2026,"780,00","-156,00",0,"156,00","156,00","0,00",,,0
07/05/2026_settlement_report_checkout_00000003D7R5_5f76592ee9b411dfe2bdfc6209080900.pdf,"9.009,00","2.366,00","0,00",30/4/2026,6/5/2026,"9.009,00","-2.366,00","0,00","0,00","0,00","0,00",,,0
14/05/2026_settlement_report_checkout_00000003DTC4_714f573c358999f627a4141cb1dd070e.pdf,"4.732,00","1.976,00","0,00",7/5/2026,13/5/2026,"4.732,00","-1.976,00","0,00","0,00","0,00","0,00",,,156
21/05/2026_£settlement_report_checkout_00000003FHMK_ff58b88048d8add716be58e3d34e9dbe.pdf,"5.698,00","1.409,00","0,00",14/5/2026,20/5/2026,"5.698,00","-1.409,00","0,00","0,00","0,00","0,00",,,0
28/05/2026_£_settlement_report_checkout_00000003FZNW_a12f6c95f1c543ffd7a5885e663c230c.pdf,"8.679,00","3.083,00","0,00",21/5/2026,27/5/2026,"8.679,00","-3.083,00","0,00","0,00","0,00","0,00",,,0
04/06/2026_£_settlement_report_checkout_00000003GMGM_b4c81fc5694b8b80282240c5000df2d8.pdf,"9.072,00","2.815,00","0,00",28/5/2026,3/6/2026,"9.072,00","-2.815,00","0,00","0,00","0,00","0,00",,,
11/06/2026_£_settlement_report_checkout_00000003H8P3_4a92b2f38741ffa41a0ef0cb9c0eb96e.pdf,"9.440,00","2.759,00","0,00",4/6/2026,10/6/2026,"9.440,00","-2.759,00","0,00","0,00","0,00","0,00",,,
18/06/2026_£_settlement_report_checkout_00000003HVWN_9bd00249c8f8edc384424a59cfc91cb4.pdf,"5.859,00","3.561,00","567,00",11/6/2026,17/6/2026,"5.859,00","-3.561,00","-567,00","0,00","0,00","0,00",,,
25/06/2026_£_settlement_report_checkout_00000003JJN9_5dac230fa51e99642b7880f25a3959cd.pdf,"12.833,00","3.213,00","567,00",18/6/2026,24/6/2026,"12.833,00","-3.213,00","-567,00","0,00","0,00","0,00",,,
02/07/2026_£_settlement_report_checkout_00000003K5F6_61dd964ef6506c49364c164263943c23.pdf,"8.348,00","4.295,00","567,00",25/6/2026,1/7/2026,"8.348,00","-4.295,00","-567,00","0,00","0,00","0,00",,,
09/07/2026_£_settlement_report_checkout_00000003KS5J_bebd7fb862459c5231c78f819d0f26cd.pdf,"6.368,00","1.572,00","500,91",2/7/2026,8/7/2026,"6.567,00","-1.383,00","-500,91","-199,00","189,00","0,00",,,
16/07/2026_£_settlement_report_checkout_00000003LD3G_fa526a5fce8b340bdac6900a22da7d48.pdf,"6.567,00","3.164,00","0,00",9/7/2026,15/7/2026,"6.567,00","-3.353,00","0,00","0,00","-189,00","0,00",,,
23/07/2026_£_settlement_report_checkout_00000003M1W0_dc7b11b481fde48ce90bee86c9c41c4c.pdf,"3.582,00","2.159,00","388,00",16/7/2026,22/7/2026,"3.582,00","-2.159,00","-388,00","0,00","0,00","0,00",,,
30/07/2026_£_settlement_report_checkout_00000003MPVL_504c1d82a64807e82e96131a7c7ea70e.pdf,"5.970,00","2.378,00","597,00",23/7/2026,29/7/2026,"5.970,00","-2.378,00","-597,00","0,00","0,00","0,00",,,
06/08/2026_£_settlement_report_checkout_00000003NBB1_67493df997d2309d01991d88ecd537e1.pdf,"6.369,00","1.582,00","398,00",30/7/2026,5/8/2026,"6.368,00","-1.582,00","-398,00","1,00","0,00","0,00",,,
13/08/2026_£_settlement_report_checkout_00000003NZGL_d962a863a7a66cd51753dd7ef68be11d.pdf,"5.373,00","2.189,00","0,00",6/8/2026,12/8/2026,"5.373,00","-2.189,00","0,00","0,00","0,00","0,00",,,
20/08/2026_£_settlement_report_checkout_00000003PLPN_d70f283e3ad1ba317c0d638af97ffdcb.pdf,"3.184,00","2.179,00","199,00",13/8/2026,19/8/2026,"3.184,00","-2.179,00","-199,00","0,00","0,00","0,00",,,
27/08/2026_£_settlement_report_checkout_00000003Q6VP_0f2ea43d34082fea0b5f8dc7f242b8fe.pdf,"4.179,00","1.393,00","594,22",20/8/2026,26/8/2026,"4.179,00","-1.393,00","-199,00","0,00","0,00","395,22",,,