,,,,,,,,,"-36,92","-1,46","0,15",,,,,,,,"13.295,40","12.393,16","-8.614,42","3.778,74"
S_Name,S_Sales,S_Refunds,S_Chargebacks,S_Inicio,S_Fin,O_Ventas,O_Refunds,O_Chargebacks,D_Ventas,D_Refunds,D_Chargebacks,OtheBancs,Diferencia,D_Chargebacks,$-->€,V_Stropper,Ref_Stropper,C_Stropper,Dif_V_Stropper,Dif_R_Stropper,Dif_C_Stropper,ArregloChblks
22/05/2025_settlement_report_checkout_00000001HWN3_5e21423cf2895221c8dadb2ed5e54f6c.pdf,"11.682,00","1.386,00","494,62",15/5/2025,21/5/2025,"13.167,00","-1.386,00","-494,62","-1.485,00","0,00","0,00",0,,297,"1,13","10.432,28","1590,81",0,"128,38","414,96","-494,62","-79,66"
29/05/2025_settlement_report_checkout_00000001JDRW_80b0261e4651295c27ffbf5da0bc127f.pdf,"8.717,00","694,00","396,00",22/5/2025,28/5/2025,"8.419,00","-793,00","-297,00","298,00","-99,00","99,00",0,,198,"1,13","7.741,68","968,78",0,"44,26","402,37","-396,00","6,37"
05/06/2025_settlement_report_checkout_00000001JXPN_8b78cc628bb16f9517bb45bf2aae630f.pdf,"10.993,00","1.188,00","99,00",29/5/2025,4/6/2025,"10.498,00","-1.089,00","-99,00","495,00","99,00","0,00",0,,495,"1,14","9.682,64","1220,86",0,"29,72","201,83","-99,00","102,83"
12/06/2025_settlement_report_checkout_00000001KF87_abbf6b4520ab4d711b071ccb1ce1dd68.pdf,"11.404,00","1.387,00","297,09",5/6/2025,11/6/2025,"11.600,00","-1.387,00","-494,94","-196,00","0,00","-197,85",0,,397,"1,14","10.010,23","1915,47",0,"40,70","802,96","-297,09","505,87"
19/06/2025_settlement_report_checkout_00000001KYQ9_2ffe914b963b729814ff13ea5333ada2.pdf,"13.888,40","992,40","99,00",12/6/2025,19/6/2025,"15.474,00","-1.090,00","-297,00","-1.585,60","-97,60","-198,00","96,38",,0,"1,15","12.032,27","1117,26","83,93","-41,66","293,34","-2,41","290,93"
26/06/2025_settlement_report_checkout_00000001LGHY_93ebf99de790333a3425f97479f2a110.pdf,"7.654,00","497,00","-198,00",20/6/2025,26/6/2025,"7.654,00","-497,00","99,00","0,00","0,00","-99,00",0,,199,"1,16","6.668,32","433,43","340,68","79,92","5,69","593,12","598,81"
03/07/2025_settlement_report_checkout_00000001LZX0_1e6566410a0cdb7218f33fccb60440f5.pdf,"5.553,00","298,00","298,00",27/6/2025,3/7/2025,"5.553,00","-298,00","-298,00","0,00","0,00","0,00",0,,0,"1,18","4.734,60","505,98","169,03","12,52","296,78","-99,31","197,47"
10/07/2025_settlement_report_checkout_00000001MHYW_056e07dd2bc5b880fdf9023035b0d34a.pdf,"6.157,00","596,00","-99,00",4/7/2025,10/7/2025,"6.356,00","-596,00","395,85","-199,00","0,00","296,85",0,,0,"1,17","5.238,38","507,85",0,"-29,14","-1,92","99,00","97,08"
17/07/2025_settlement_report_checkout_00000001N1DP_12367788f1acc26a592e5af40b976a75.pdf,"10.832,00","1.191,00","496,46",11/7/2025,17/7/2025,"10.633,00","-1.290,00","-496,46","199,00","-99,00","0,00",0,,199,"1,16","9.256,05","1445,08",0,"-93,13","485,58","-496,46","-10,88"
24/07/2025_settlement_report_checkout_00000001NKRZ_f5b6bf9680615b3c7602a7e404941f18.pdf,"10.733,20","995,20","-99,00",18/7/2025,24/7/2025,"10.932,20","-896,20","99,00","-199,00","99,00","0,00",0,,0,"1,17","8.874,83","853,34",0,"-326,57","5,43","99,00","104,43"
31/07/2025_settlement_report_checkout_00000001P37Z_a477431411be084923544ea9de1ebee6.pdf,"9.448,00","895,00","98,20",25/7/2025,31/7/2025,"9.647,00","-895,00","-98,20","-199,00","0,00","0,00","96,02",,199,"1,15","8.116,39","940,07",0,"-92,24","188,62","-98,20","90,42"
07/08/2025_settlement_report_checkout_00000001PMYB_fc8b709edaf353fec62126dab3bf9f24.pdf,"12.127,00","895,00","0,00",1/8/2025,7/8/2025,"11.729,00","-895,00","99,00","398,00","0,00","99,00",0,,398,"1,16","10.550,18","775,33","852,66","115,43","4,69","989,43","994,12"
14/08/2025_settlement_report_checkout_00000001Q5ND_24fd4378a50f5b38c6471534f363fd26.pdf,"15.817,00","696,00","0,00",8/8/2025,13/8/2025,"14.026,00","-696,00","0,00","1.791,00","0,00","0,00",0,,597,"1,17","13.576,66","596,43",0,"82,63","2,48","0,00","2,48"
21/08/2025_settlement_report_checkout_00000001QQLL_05e4580dcf4f11cf700bfa7cdf5cc717.pdf,"12.631,00","1.393,00","398,00",14/8/2025,21/8/2025,"14.621,00","-1.393,00","-398,00","-1.990,00","0,00","0,00","96,37",,199,"1,17","10.867,10","1541,79",0,"30,26","403,34","-398,00","5,34"
28/08/2026_settlement_report_checkout_00000001R7XN_41e542f8eca2837e7a29a8cf2189b50c.pdf,"17.412,00","1.393,00","199,00",22/8/2025,28/8/2025,"17.810,00","-1.393,00","-199,00","-398,00","0,00","0,00",0,,199,"1,16","14.961,15","1366,58",0,"-67,54","191,28","-199,00","-7,72"
04/09/2025_settlement_report_checkout_00000001RSWZ_ec9a3dede4cf8547abea01dbf80563c2.pdf,"14.127,00","2.386,00","497,00",29/8/2025,4/9/2025,"13.928,00","-2.386,00","-497,00","199,00","0,00","0,00",0,,199,"1,17","12.113,69","2298,9","84,39","-10,92","292,91","-398,66","-105,75"
11/09/2025_settlement_report_checkout_00000001SBPR_bcca1ab5241c0163762b09493ed54bbf.pdf,"12.733,00","1.990,00","398,00",5/9/2025,11/9/2025,"12.832,00","-1.990,00","-398,00","-99,00","0,00","0,00",0,,796,"1,17","10.882,99","2039,47",0,"7,72","397,61","-398,00","-0,39"
18/09/2025_settlement_report_checkout_00000001SW1C_5989de8545602dea4f33da9124ea15d4.pdf,"14.424,00","1.791,00","199,00",12/9/2025,18/9/2025,"14.325,00","-1.791,00","-199,00","99,00","0,00","0,00",0,,398,"1,18","12.295,20","1696,3",0,"129,83","216,91","-199,00","17,91"
25/09/2025_settlement_report_checkout_00000001TCPF_908efb2dc75db3ca5fec5d569dee19e4.pdf,"15.024,00","2.189,00","695,10",19/9/2025,24/9/2025,"12.039,00","-1.990,00","-98,79","2.985,00","199,00","596,31","96,22",,199,"1,18","12.806,64","2288,81",0,"31,49","501,73","-695,10","-193,37"
02/10/2025_settlement_report_checkout_00000001TPKF_53886e6dfd04f45596c28f51893b73dc.pdf,"14.424,00","2.985,00","199,00",25/9/2025,1/10/2025,"14.922,00","-2.985,00","-795,31","-498,00","0,00","-596,31",0,,199,"1,17","12.295,20","2714,08","254,21","-9,11","196,99","99,04","296,02"
09/10/2025_settlement_report_checkout_00000001TWX3_10f5a62524430b2fabbe905e3716d409.pdf,"14.524,00","1.194,00","398,00",2/10/2025,8/10/2025,"13.529,00","-1.194,00","-199,00","995,00","0,00","199,00",0,,398,"1,16","12.380,44","1187,41",0,"-129,26","186,60","-398,00","-211,40"
16/10/2025_settlement_report_checkout_00000002VLHL_fb193e3193c1da4e2ac92d0dd28141c9.pdf,"16.911,00","597,00","0,00",9/10/2025,15/10/2025,"17.309,00","-796,00","-199,00","-398,00","-199,00","-199,00","192,74",,597,"1,16","14.415,15","508,89",0,"-157,71","-5,57","0,00","-5,57"
23/10/2025_settlement_report_checkout_00000002W2WW_f9d9e01901e9c5417cff151b2cf46b35.pdf,"13.033,00","2.587,00","198,99",16/10/2025,22/10/2025,"14.127,00","-2.587,00","-198,99","-1.094,00","0,00","0,00",0,,398,"1,16","11.183,43","2387,42",0,"-74,76","179,30","-198,99","-19,69"
30/10/2025_settlement_report_checkout_00000002WPWG_75c3ea9989faaa5bb412a99f1dc0c0d4.pdf,"9.748,00","597,00","597,00",23/10/2025,28/10/2025,"10.446,00","-597,00","-398,00","-698,00","0,00","199,00","96,37",,99,"1,16","8.405,30","1029,54",0,"27,36","600,36","-597,00","3,36"
06/11/2025_settlement_report_checkout_00000002X6WQ_266b7530dfe424157ab5ec59013289a6.pdf,"10.245,00","1.393,00","98,94",29/10/2025,4/11/2025,"9.050,00","-1.393,00","-297,94","1.195,00","0,00","-199,00","96,02",,0,"1,15","8.833,84","1286,44",0,"-94,03","85,25","-98,94","-13,69"
13/11/2025_settlement_report_checkout_00000002XRMZ_d52deb27f7cf3cd0c8a8048ba086a3b0.pdf,"11.739,00","2.686,00","398,00",5/11/2025,11/11/2025,"12.236,00","-2.686,00","-398,00","-497,00","0,00","0,00",0,,0,"1,16","10.129,16","2659,72",0,"-14,50","392,63","-398,00","-5,37"
20/11/2025_settlement_report_checkout_00000002YBQS_9ea23187cf89eb97234c8e429919a8e7.pdf,"11.938,00","1.393,00","199,00",12/11/2025,18/11/2025,"12.336,00","-1.393,00","-199,00","-398,00","0,00","0,00",0,,0,"1,16","10.331,49","1377,76",0,"36,20","203,82","-199,00","4,82"
27/11/2025_settlement_report_checkout_00000002YY9T_6aaf44afdae538f9fb864005a0658eef.pdf,"8.157,00","995,00","0,00",19/11/2025,24/11/2025,"8.555,00","-995,00","0,00","-398,00","0,00","0,00",0,,199,"1,15","7.077,04","1033,32",0,"12,73","197,86","0,00","197,86"
04/12/2025_settlement_report_checkout_00000002ZKSZ_612b710fa798b74a8a2fa24df705dfd9.pdf,"10.646,00","995,00","298,00",25/11/2025,2/12/2025,"9.850,00","-995,00","-298,00","796,00","0,00","0,00",0,,0,"1,16","9.217,46","1121,26",0,"59,16","307,23","-298,00","9,23"
11/12/2025_settlement_report_checkout_0000000304MX_9f0ce0b96e289c96f63d6edba8fb6a2d.pdf,"11.864,00","1.393,00","0,00",3/12/2025,9/12/2025,"11.069,00","-1.393,00","-199,00","795,00","0,00","-199,00",0,,0,"1,16","10.188,78","1367,68",0,"-7,32","198,57","0,00","198,57"
18/12/2025_settlement_report_checkout_000000030NJ4_3059e74881efe783fe1ea14b5583a848.pdf,"9.650,00","2.089,00","0,00",10/12/2025,16/12/2025,"10.246,00","-2.089,00","199,00","-596,00","0,00","199,00",0,,398,"1,18","8.249,85","1788,46",0,"65,02","17,09","0,00","17,09"
25/12/2025_settlement_report_checkout_00000003179G_c83d81939987fdbca9507344d814dbc4.pdf,"8.656,00","1.194,00","0,00",17/12/2025,22/12/2025,"9.850,00","-1.194,00","0,00","-1.194,00","0,00","0,00",0,,99,"1,17","7.378,22","1017,72",0,"9,72","1,31","0,00","1,31"
01/01/2026_settlement_report_checkout_000000031NFQ_d302c47a041fad577ee3296688805777.pdf,"10.148,00","298,00","99,00",23/12/2025,29/12/2025,"8.954,00","-298,00","-99,00","1.194,00","0,00","0,00","96,37",,199,"1,18","8.989,00","338,38",0,"428,46","100,14","-99,00","1,14"
08/01/2026_settlement_report_checkout_0000000326X8_a8e85357be3178bf09d8cff2b70ba2c2.pdf,"12.436,00","1.592,00","398,00",30/12/2025,6/1/2026,"12.437,00","-1.592,00","-398,00","-1,00","0,00","0,00",-99,,199,"1,17","11.631,89","1866,53",0,"1.181,45","593,15","-398,00","195,15"
15/01/2026_settlement_report_checkout_000000032TBR_a30a84dbbfad93022de289051b0f3274.pdf,"10.844,00","1.791,00","0,00",7/1/2026,13/1/2026,"10.843,00","-1.791,00","0,00","1,00","0,00","0,00",0,,199,"1,17","9.966,79","1533,21","170,33","771,30","-4,20","198,50","194,31"
22/01/2026_settlement_report_checkout_0000000339X7_efa0007d9436f55a1a86fb5697713344.pdf,"11.142,00","2.985,00","199,00",14/1/2026,21/1/2026,"13.530,00","-3.184,00","-199,00","-2.388,00","-199,00","0,00","95,45",,199,"1,17","10.767,61","2734,62",0,"1.486,25","222,16","-199,00","23,16"
29/01/2026_settlement_report_checkout_000000033ZXP_0315a6f5827ea676b37f924d978f287e.pdf,"15.123,00","1.592,00","0,00",22/1/2026,28/1/2026,"14.924,00","-1.592,00","0,00","199,00","0,00","0,00",0,,1194,"1,19","13.714,22","1524,22",0,"1.236,69","226,24","0,00","226,24"
05/02/2026_settlement_report_checkout_000000034JYG_bf6ee63638d81edcb9272ff2e1e926c8.pdf,"11.148,00","3.383,00","597,00",29/1/2026,3/2/2026,"10.003,00","-3.184,00","-597,00","1.145,00","199,00","0,00","96,37",,0,"1,18","10.026,10","3723,1",0,"683,80","1.010,63","-597,00","413,63"
12/02/2026_settlement_report_checkout_00000003533B_21e6fd4c157ac766a8783a68cf592bc9.pdf,"10.953,00","1.643,00","398,00",4/2/2026,11/2/2026,"12.447,00","-1.643,00","-199,00","-1.494,00","0,00","199,00",0,,498,"1,19","10.148,31","1723,06",0,"1.117,40","406,41","-398,00","8,41"
19/02/2026_settlement_report_checkout_000000035PYF_ca6c1d072e7450f5c15716c4f66eae44.pdf,"9.210,00","1.045,00","0,00",12/2/2026,17/2/2026,"7.667,00","-1.045,00","-199,00","1.543,00","0,00","-199,00",0,,0,"1,18","8.155,10","1087,01","166,32","434,22","240,50","196,69","437,19"
26/02/2026_settlement_report_checkout_0000000367DM_4db3baa377c021dc56724ace953f9c01.pdf,"8.016,00","447,00","0,00",18/2/2026,24/2/2026,"7.816,00","-447,00","0,00","200,00","0,00","0,00",0,,249,"1,18","7.379,27","375,49",0,"674,57","-4,79","0,00","-4,79"
05/03/2026_settlement_report_checkout_000000036YG7_89c680c0cb1a7fa786438c2959e28067.pdf,"7.043,00","1.094,00","893,91",25/2/2026,3/3/2026,"6.950,00","-895,00","-647,00","93,00","199,00","246,91","95,53",,696,"1,16","7.030,79","1772,2",0,"1.116,93","962,82","-893,91","68,91"
12/03/2026_settlement_report_checkout_000000037GZ4_fa6ff4aabd05c0f4c3420ee476f6a271.pdf,"10.098,00","1.688,00","99,00",4/3/2026,10/3/2026,"9.702,00","-1.788,00","-345,91","396,00","-100,00","-246,91",0,,495,"1,16","9.711,02","1537,58",0,"1.206,60","101,90","-99,00","2,90"
19/03/2026_settlement_report_checkout_0000000383NQ_8a4b25a37b40cc06e8eb73fafac2cac2.pdf,"11.454,00","962,00","160,00",11/3/2026,17/3/2026,"11.958,00","-853,00","0,00","-504,00","109,00","160,00",0,,327,"1,15","10.339,09","1050,18",0,"468,00","248,96","-160,00","88,96"
26/03/2026_settlement_report_checkout_000000038QBR_f10ae77838116799587ec9a2b4bd1d99.pdf,"10.216,00","903,00","99,00",18/3/2026,24/3/2026,"9.671,00","-1.002,00","-348,00","545,00","-99,00","-249,00",0,,218,"1,16","9.525,35","961,69",0,"806,74","209,87","-99,00","110,87"
02/04/2026_settlement_report_checkout_0000000398RF_8a462593281d516c4dd946d69b62f099.pdf,"7.969,00","1.230,00","405,89",25/3/2026,31/3/2026,"9.277,00","-1.339,00","-207,89","-1.308,00","-109,00","198,00",0,,0,"1,15","7.660,52","1509,93",0,"839,07","506,12","-405,89","100,23"
09/04/2026_settlement_report_checkout_000000039RD9_9fec18cd93d1ffc3739c4421e169ba54.pdf,"2.054,00","616,00","217,92",1/4/2026,7/4/2026,"2.163,00","-616,00","-316,92","-109,00","0,00","-99,00","96,37",,199,"1,16","1.755,33","723,54",0,"-25,37","220,20","-217,92","2,28"
16/04/2026_settlement_report_checkout_00000003BDK2_8cc5bdc906aad7fd2232335de9df2d63.pdf,"1.637,00","99,00","307,00",8/4/2026,14/4/2026,"1.746,00","-99,00","-198,00","-109,00","0,00","109,00",-99,,0,"1,18","1.419,08","351,95",0,"36,52","316,05","-307,00","9,05"
23/04/2026_settlement_report_checkout_00000003C1MZ_9b3af012b1ef66ebaef253c768590502.pdf,"754,00","1,00","199,00",15/4/2026,21/4/2026,"754,00","-1,00","-308,00","0,00","0,00","-109,00",,,109,"1,18","650,90","172,51",0,"11,91","201,99","-199,00","2,99"
30/04/2026_settlement_report_checkout_00000003CNYG_d609aab3cb7449de8f53587376cc9a35.pdf,"753,00","109,00","0,00",22/4/2026,28/4/2026,"753,00","-109,00","0,00","0,00","0,00","0,00",,,0,"1,17","735,38",,,"105,92","-109,00","0,00","-109,00"
07/05/2026_settlement_report_checkout_00000003D7TJ_05997a9b3e63750e02af8791da112a16.pdf,"218,00","0,00","0,00",29/4/2026,5/5/2026,"218,00","0,00","0,00","0,00","0,00","0,00",,,0,"1,17","186,22",,,"-0,38","0,00","0,00","0,00"
14/05/2026_settlement_report_checkout_00000003DWKV_1aea8f5823477c9257355da9bd593ef5.pdf,"675,00","218,00","109,00",6/5/2026,12/5/2026,"675,00","-218,00","-109,00","0,00","0,00","0,00",,,0,"1,17","667,56",,,"108,58","-218,00","-109,00","-327,00"
21/05/2026_$settlement_report_checkout_00000003FG4S_e6c432ed4be8f6ff89d97f62a98e8979.pdf,"3.632,00","198,00","-0,30",13/5/2026,19/5/2026,"3.632,00","-198,00","0,30","0,00","0,00","0,00",,,0,"1,16","3.546,27",,,"488,77","-198,00","0,30","-197,70"
28/05/2026_$_settlement_report_checkout_00000003G1N1_28bf7ed44489eee4688134c8b316a8db.pdf,"1.796,00","308,00","249,00",20/5/2026,26/5/2026,"1.547,00","-308,00","-249,00","249,00","0,00","0,00",,,0,"1,16","1.821,23",,,"322,82","-308,00","-249,00","-557,00"
04/06/2026_$_settlement_report_checkout_00000003GMT5_e907618089fed6e8fbcd864faa79f057.pdf,"1.746,00","417,00","0,00",27/5/2026,2/6/2026,"1.995,00","-417,00","0,00","-249,00","0,00","0,00",,,,,,,,,,,
11/06/2026_$_settlement_report_checkout_00000003H8T7_36f927ff1caa2a2e1f43443844730523.pdf,"1.231,00","507,00","248,82",3/6/2026,9/6/2026,"1.231,00","-507,00","-248,82","0,00","0,00","0,00",,,,,,,,,,,
18/06/2026_$_settlement_report_checkout_00000003HY3J_476ce5ed0154dc1e95c981165387c673.pdf,"447,00","0,00","0,00",10/6/2026,16/6/2026,"447,00","0,00","0,00","0,00","0,00","0,00",,,,,,,,,,,
25/06/2026_$_settlement_report_checkout_00000003JJFM_e2de2bee3a1595e7cb553928043873cb.pdf,"198,00","0,00","109,00",17/6/2026,23/6/2026,"198,00","0,00","-109,00","0,00","0,00","0,00",,,,,,,,,,,
_,"0,00","0,00","0,00",24/6/2026,30/6/2026,"99,00","-249,00","0,00","-99,00","-249,00","0,00",,,,,,,,,,,
09/07/2026_$_settlement_report_checkout_00000003KRMY_2fb5abd3c80094ead1ab78c3903cdb09.pdf,"755,00","249,00","0,00",1/7/2026,7/7/2026,"656,00","0,00","0,00","99,00","249,00","0,00",,,,,,,,,,,
16/07/2026_$_settlement_report_checkout_00000003LGKW_682b1bdb4f8512648a87e35b9bea0994.pdf,"724,00","0,00","0,00",8/7/2026,14/7/2026,"724,00","0,00","0,00","0,00","0,00","0,00",,,,,,,,,,,
23/07/2026_$_settlement_report_checkout_00000003M0P5_342a0d3d724ad7ede2b1ef906b70fb9e.pdf,"317,00","0,00","0,00",15/7/2026,21/7/2026,"317,00","0,00","0,00","0,00","0,00","0,00",,,,,,,,,,,
_,"0,00","0,00","0,00",22/7/2026,28/7/2026,"0,00","-109,00","0,00","0,00","-109,00","0,00",,,,,,,,,,,
06/08/2026_$_settlement_report_checkout_00000003N9WJ_3cca39c69f8bbac10dc56420b21f9010.pdf,"308,00","109,00","99,00",29/7/2026,4/8/2026,"308,00","0,00","-99,00","0,00","109,00","0,00",,,,,,,,,,,
13/08/2026_$_settlement_report_checkout_00000003NZ3S_3be7d8460b11a6f71706e5991be21e0f.pdf,"975,00","109,00","0,00",5/8/2026,11/8/2026,"975,00","-109,00","0,00","0,00","0,00","0,00",,,,,,,,,,,
20/08/2026_$_settlement_report_checkout_00000003PLP6_2cb8c85c54a219aec4666ba92743ad31.pdf,"805,00","199,00","0,00",12/8/2026,18/8/2026,"805,00","-199,00","0,00","0,00","0,00","0,00",,,,,,,,,,,
27/08/2026_$_settlement_report_checkout_00000003Q7P6_7c54f4c3e17221914917a6efde3778ed.pdf,"1.232,00","0,00","0,00",19/8/2026,25/8/2026,"1.232,00","0,00","0,00","0,00","0,00","0,00",,,,,,,,,,,