,,Settlement data,,,,,,,,"32,24 €","42,45 €","1,21 €",,
S_Name,S_Payment,S_Sales,S_Refunds,S_Chargebacks,S_Inicio,S_Fin,O_Ventas,O_Refunds,O_Chargebacks,D_Ventas,D_Refunds,D_Chargebacks,,
22/05/2025_settlement_report_checkout_00000001HWLK_d06ee60d4890a5a41e8ec21c87317515.pdf,22/05/2025,"6.812,83 €","892,69 €","0,00 €",15/5/2025,21/5/2025,"6.556,52","-860,91","-95,50","256,31 €","31,78 €","-95,50 €",,
29/05/2025_settlement_report_checkout_00000001JDRH_8e01065b9cdac4cb9ad599431bf9ae16.pdf,29/05/2025,"5.712,02 €","692,67 €","-47,37 €",22/5/2025,28/5/2025,"5.869,21","-640,37",0,"-157,19 €","52,30 €","-47,37 €",,
05/06/2025_settlement_report_checkout_00000001JXQP_373b538239bbb10f8caa1d8ee518adbb.pdf,05/06/2025,"7.129,49 €","843,14 €","57,41 €",29/5/2025,4/6/2025,"6.739,53","-827,99","47,67","389,96 €","15,15 €","105,08 €",,
12/06/2025_settlement_report_checkout_00000001KG16_e5a3e5898e9e9fe45367ba020959b25a.pdf,12/06/2025,"8.836,75 €","796,78 €","0,00 €",5/6/2025,11/6/2025,"8.563,48","-788,47","-57,33","273,27 €","8,31 €","-57,33 €",,
19/06/2025_settlement_report_checkout_00000001KYD8_07a8388a9b1c3cafc0ce6e8120fbdf38.pdf,19/06/2025,"11.199,57 €","895,05 €","146,96 €",12/6/2025,18/6/2025,"10.516,90","-831,91","-48,76","682,67 €","63,14 €","98,20 €",,
26/06/2025_settlement_report_checkout_00000001LGDT_1970b0ab1ae8c989731162666a534f19.pdf,26/06/2025,"19.231,75 €","1.573,67 €","56,87 €",19/6/2025,25/6/2025,"18.757,30","-1.468,61","-155,17","474,45 €","105,06 €","-98,30 €",,
03/07/2025_settlement_report_checkout_00000001M0F1_f5c59d3729ebee384f79d4c403b1bbf4.pdf,03/07/2025,"18.878,44 €","1.971,59 €","104,51 €",26/6/2025,2/7/2025,"19.124,67","-1.973,37","-104,48","-246,23 €","-1,78 €","0,03 €",,
10/07/2025_settlement_report_checkout_00000001MJ7Z_facb83ec0d8f8231053ede7f97f7ba49.pdf,10/07/2025,"21.790,61 €","2.639,15 €","168,44 €",3/7/2025,9/7/2025,"20.097,94","-2.586,46","-56,16","1.692,67 €","52,69 €","112,28 €",,
17/07/2025_settlement_report_checkout_00000001N1DL_ff47ecb80b6f5382381d9b020712d718.pdf,17/07/2025,"15.023,44 €","2.212,51 €","113,56 €",10/7/2025,16/7/2025,"17.104,62","-2.264,36","-225,7","-2.081,18 €","-51,85 €","-112,14 €",,
24/07/2025_settlement_report_checkout_00000001NKV4_7b298711ef0b005c6a4809ffdb00d3b2.pdf,24/07/2025,"8.993,29 €","1.692,83 €","113,05 €",17/7/2025,23/7/2025,"10.318,75","-2.036,54","-56,51","-1.325,46 €","-343,71 €","56,54 €",,
31/07/2025_settlement_report_checkout_00000001P3C2_605fba15c38ac77d532aada0b5fbf613.pdf,31/07/2025,"3.703,97 €","850,12 €","56,66 €",24/7/2025,30/7/2025,"3.588,58","-678,51","-112,66","115,39 €","171,61 €","-56,00 €",,
07/08/2025_settlement_report_checkout_00000001PN9H_960200dfd095bf0dcdd46b8f326039fa.pdf,07/08/2025,"19.896,53 €","568,99 €","56,42 €",31/7/2025,6/8/2025,"17.177,71","-795,56",0,"2.718,82 €","-226,57 €","56,42 €",,
14/08/2025_settlement_report_checkout_00000001Q5HS_82615e5cf4d525bbe2e17cac700e605c.pdf,14/08/2025,"33.822,54 €","4.750,15 €","123,48 €",7/8/2025,13/8/2025,"31.883,38","-4.185,38","-9,72","1.939,16 €","564,77 €","113,76 €",,
21/08/2025_settlement_report_checkout_00000001QQLJ_2ea49fc62c1b617f3d12a03d8195119f.pdf,21/08/2025,"28.653,11 €","5.348,30 €","224,66 €",14/8/2025,20/8/2025,"29.924,24","-5.409,34","-341,49","-1.271,13 €","-61,04 €","-116,83 €",,
28/08/2025_settlement_report_checkout_00000001R7Z8_e391b5682b20dfab6a830e62a68e052a.pdf,28/08/2025,"27.784,67 €","4.091,82 €","290,07 €",21/8/2025,27/8/2025,"27.451,56","-3.862,86","-288,88","333,11 €","228,96 €","1,19 €",,
04/09/2025_settlement_report_checkout_00000001RSSF_77ea35622f9f9838bf768db18979392f.pdf,04/09/2025,"26.550,70 €","4.012,15 €","169,41 €",28/8/2025,3/9/2025,"26.935,05","-4.182,56","-112,87","-384,35 €","-170,41 €","56,54 €",,
11/09/2025_settlement_report_checkout_00000001SBPW_80f0f45a50ae9e3523416a568c333336.pdf,11/09/2025,"26.329,38 €","3.911,80 €","113,43 €",4/9/2025,10/9/2025,"26.806,20","-3.905,38","-169,57","-476,82 €","6,42 €","-56,14 €",,
18/09/2025_settlement_report_checkout_00000001SW3D_03dc7724dab3418d557dee7e3de65248.pdf,18/09/2025,"29.262,37 €","5.715,19 €","342,61 €",11/9/2025,17/9/2025,"29.078,05","-5.494,72","-285,11","184,32 €","220,47 €","57,50 €",,
25/09/2025_settlement_report_checkout_00000001TCP7_22ca59cc366700a79040d1d5cd2eed49.pdf,25/09/2025,"25.013,99 €","4.131,05 €","58,81 €",18/9/2025,24/9/2025,"25.610,39","-4.480,02","-116,99","-596,40 €","-348,97 €","-58,18 €",,
02/10/2025_settlement_report_checkout_00000001TPQB_c1ef3ccc10f072b21cb14f09b4b7e876.pdf,02/10/2025,"24.205,50 €","3.855,01 €","169,62 €",25/9/2025,1/10/2025,"24.572,10","-3.565,71","-226,17","-366,60 €","289,30 €","-56,55 €",,
09/10/2025_settlement_report_checkout_00000001TWV0_a092e7b5730f7aed84aae4ff72e17160.pdf,09/10/2025,"22.970,31 €","3.247,72 €","116,50 €",2/10/2025,8/10/2025,"22.152,76","-3.300,34","-59,01","817,55 €","-52,62 €","57,49 €",,
16/10/2025_settlement_report_checkout_00000002VLC8_12d9e174acaf73c60559725fc2ceaad3.pdf,16/10/2025,"23.326,93 €","3.517,73 €","284,28 €",9/10/2025,15/10/2025,"26.587,15","-3.922,71","-342,25","-3.260,22 €","-404,98 €","-57,97 €",,
23/10/2025_settlement_report_checkout_00000002W3W8_d24dba7f50368c4cda22ab668fb59a98.pdf,23/10/2025,"20.875,10 €","3.490,97 €","282,14 €",16/10/2025,22/10/2025,"20.691,31","-3.609,52","-225,38","183,79 €","-118,55 €","56,76 €",,
30/10/2025_settlement_report_checkout_00000002WPHH_6febe7a6a82d0f4df2057923cf727335.pdf,30/10/2025,"16.253,51 €","2.439,59 €","228,18 €",23/10/2025,29/10/2025,"16.073,35","-2.549,22","-340,82","180,16 €","-109,63 €","-112,64 €",,
06/11/2025_settlement_report_checkout_00000002X85N_fba552ab922aada5182400d1627b3c9f.pdf,06/11/2025,"15.708,83 €","2.917,46 €","57,35 €",30/10/2025,5/11/2025,"15.875,85","-2.746,27","-2,42","-167,02 €","171,19 €","54,93 €",,
13/11/2025_settlement_report_checkout_00000002XTGT_3fd7f14d7d0da9ef3488ee3886e0bf28.pdf,13/11/2025,"17.963,95 €","3.162,79 €","-54,57 €",6/11/2025,12/11/2025,"18.201,30","-2.277,00","52,02","-237,35 €","885,79 €","-2,55 €",,
20/11/2025_settlement_report_checkout_00000002YC3B_efa335f67d5319f4492a0160c7a2addb.pdf,20/11/2025,"17.169,39 €","1.760,60 €","115,35 €",13/11/2025,19/11/2025,"17.187,68","-1.760,49","-59,24","-18,29 €","0,11 €","56,11 €",,
27/11/2025_settlement_report_checkout_00000002YZPW_d51543708ad6db17406b04912921c2a3.pdf,27/11/2025,"14.184,74 €","1.528,45 €","2,07 €",20/11/2025,26/11/2025,"14.526,16","-1.643,35","-58,59","-341,42 €","-114,90 €","-56,52 €",,
04/12/2025_settlement_report_checkout_00000002ZJTP_7e70cbba4f273f408b91426164edaa27.pdf,04/12/2025,"13.179,54 €","1.937,53 €","56,90 €",27/11/2025,3/12/2025,"12.960,16","-1.879,95","-57,04","219,38 €","57,58 €","-0,14 €",,
11/12/2025_settlement_report_checkout_00000003034X_3972547e13a2baefc44b948d8e50b43e.pdf,11/12/2025,"10.600,35 €","1.437,72 €","59,74 €",4/12/2025,10/12/2025,"10.709,41","-1.493,64","-2,32","-109,06 €","-55,92 €","57,42 €",,
18/12/2025_settlement_report_checkout_000000030Q3G_312dc8077b6d1a7fdedf29d1dbb3ca8c.pdf,18/12/2025,"14.278,02 €","1.314,78 €","-54,77 €",11/12/2025,17/12/2025,"13.923,21","-1.259,39","-2,88","354,81 €","55,39 €","-57,65 €",,
25/12/2025_settlement_report_checkout_000000031669_d1a2d29368ec6a5204927b67c2ddafba.pdf,25/12/2025,"10.846,41 €","1.544,49 €","-54,88 €",18/12/2025,24/12/2025,"12.663,02","-1.886,56","55,13","-1.816,61 €","-342,07 €","0,25 €",,
01/01/2026_settlement_report_checkout_000000031ND0_e8904853f9795550e65385515016dab0.pdf,01/01/2026,"10.606,27 €","1.783,56 €","57,47 €",25/12/2025,31/12/2025,"10.396,86","-1.725,53","-59,6","209,41 €","58,03 €","-2,13 €",,
08/01/2026_settlement_report_checkout_0000000326TD_122297e7cec2524e0e8816c610a13df1.pdf,08/01/2026,"17.806,79 €","2.833,32 €","115,55 €",1/1/2026,7/1/2026,"16.026,94","-2.423,76","-57,41","1.779,85 €","409,56 €","58,14 €",,
15/01/2026_settlement_report_checkout_000000032RX8_31d5383b7730a99d55179e5b2450276b.pdf,15/01/2026,"17.999,58 €","3.132,47 €","57,93 €",8/1/2026,14/1/2026,"18.144,49","-3.078,96","-58,21","-144,91 €","53,51 €","-0,28 €",,
22/01/2026_settlement_report_checkout_000000033C20_a5bc6e7fea1f9b7ae78240487a464db7.pdf,22/01/2026,"18.438,61 €","2.558,08 €","176,92 €",15/1/2026,21/1/2026,"18.827,56","-2.788,86","-234,23","-388,95 €","-230,78 €","-57,31 €",,
29/01/2026_settlement_report_checkout_000000033XD9_5e349a00f1e55a86e7d9dfacb9dfd54c.pdf,29/01/2026,"18.771,10 €","1.647,41 €","235,38 €",22/1/2026,28/1/2026,"18.232,74","-1.643,81","-178,15","538,36 €","3,60 €","57,23 €",,
05/02/2026_settlement_report_checkout_000000034JNC_6a3cfc19da164d6f6e3f593bad8d9a51.pdf,05/02/2026,"18.241,28 €","3.868,80 €","535,52 €",29/1/2026,4/2/2026,"17.985,17","-3.863,22","-295,59","256,11 €","5,58 €","239,93 €",,
12/02/2026_settlement_report_checkout_0000000354B7_7cea46990ffb5450f0a37fb263ce55f5.pdf,12/02/2026,"24.746,22 €","3.477,63 €","356,93 €",5/2/2026,11/2/2026,"24.748,19","-3.356,79","-479,4","-1,97 €","120,84 €","-122,47 €",,
19/02/2026_settlement_report_checkout_000000035NM0_82925493f21b9faf8452321fa03e404d.pdf,19/02/2026,"23.912,31 €","3.619,69 €","361,89 €",12/2/2026,18/2/2026,"24.274,38","-3.618,63","-478,94","-362,07 €","1,06 €","-117,05 €",,
26/02/2026_settlement_report_checkout_000000036B7N_686712dbbfc9cb06dfe4ff52f8d6f70a.pdf,26/02/2026,"22.867,36 €","4.545,45 €","303,06 €",19/2/2026,25/2/2026,"22.990,11","-4.664,11","-184,01","-122,75 €","-118,66 €","119,05 €",,
05/03/2026_settlement_report_checkout_000000036VVJ_8954ca73904b392d8f07145e11ecf5a3.pdf,05/03/2026,"23.251,44 €","5.225,18 €","486,19 €",26/2/2026,4/3/2026,"23.334,09","-4.812,30","-363,5","-82,65 €","412,88 €","122,69 €",,
12/03/2026_settlement_report_checkout_000000037J87_568053b0bfd7ae8f8fe1ddbc88b8b271.pdf,12/03/2026,"15.258,26 €","5.791,85 €","186,59 €",5/3/2026,11/3/2026,"15.684,79","-6.136,68","-429,06","-426,53 €","-344,83 €","-242,47 €",,
19/03/2026_settlement_report_checkout_0000000384DK_6f3c3ef0a014e2a1cbbc0c1296c6f5e3.pdf,19/03/2026,"10.798,88 €","3.257,40 €","185,34 €",12/3/2026,18/3/2026,"10.060,30","-3.317,69","-185,62","738,58 €","-60,29 €","-0,28 €",,
26/03/2026_settlement_report_checkout_000000038QBR_f10ae77838116799587ec9a2b4bd1d99.pdf,26/03/2026,"20.459,50 €","4.823,89 €","234,20 €",19/3/2026,25/3/2026,"19.736,03","-4.828,02","-122,55","723,47 €","-4,13 €","111,65 €",,
02/04/2026_settlement_report_checkout_0000000399DP_75aeb3098a36fedcd46c814f0d8adb43.pdf,02/04/2026,"23.319,75 €","8.891,89 €","114,43 €",26/3/2026,1/4/2026,"24.421,25","-8.427,82","-172,83","-1.101,50 €","464,07 €","-58,40 €",,
09/04/2026_settlement_report_checkout_000000039SJF_2eb0636d7d5c4c27bcd199b1bb901b13.pdf,09/04/2026,"16.688,73 €","5.630,32 €","231,79 €",2/4/2026,8/4/2026,"16.920,61","-6.031,07","-346,25","-231,88 €","-400,75 €","-114,46 €",,
16/04/2026_settlement_report_checkout_00000003BF3Q_c91081f5e71af848c1021c8a56a6b61f.pdf,16/04/2026,"23.280,45 €","5.966,05 €","354,50 €",9/4/2026,15/4/2026,"23.518,62","-6.025,91","-293,36","-238,17 €","-59,86 €","61,14 €",,
23/04/2026_settlement_report_checkout_00000003BZCB_54e51213402452256b6b18334cd63f07.pdf,23/04/2026,"18.300,62 €","7.114,31 €","356,47 €",16/4/2026,22/4/2026,"15.542,94","-5.865,01","-357,31","2.757,68 €","1.249,30 €","-0,84 €",,Fecha teorica de UKPA €-->£ segun finances
30/04/2026_settlement_report_checkout_00000003CNQ6_8d8f12cf85fcdeed0ff24f95e2c339ce (1).pdf,30/04/2026,"16.020,12 €","4.950,13 €","113,24 €",23/4/2026,29/4/2026,"11.155,54","-3.848,42","-231,77","4.864,58 €","1.101,71 €","-118,53 €",,Fecha teorica de UKPA €-->£ segun settlement
07/05/2026_settlement_report_checkout_00000003D7JJ_a816ac00abb80e2cffa9954b04752222.pdf,07/05/2026,"10.475,57 €","3.570,27 €","521,16 €",30/4/2026,6/5/2026,"10.423,27","-3.443,00","-520,89","52,30 €","127,27 €","0,27 €",,
14/05/2026_settlement_report_checkout_00000003DT7F_12cadb8617b8543d72b32acde20bdbd6.pdf,14/05/2026,"11.343,03 €","3.326,49 €","0,00 €",7/5/2026,13/5/2026,"11.526,23","-3.449,59",0,"-183,20 €","-123,10 €","0,00 €",,
21/05/2026_€settlement_report_checkout_00000003FGS0_db753b0ce30fa2bc0fbbd7802fedc376.pdf,21/05/2026,"9.928,89 €","2.295,48 €","177,45 €",14/5/2026,20/5/2026,"9.823,16","-2.299,73",0,"105,73 €","-4,25 €","177,45 €",,
28/05/2026_€_settlement_report_checkout_00000003FZ6L_04041726c6f5666d0bc7f4ff53432ad4.pdf,28/05/2026,"7.571,54 €","1.738,90 €","62,15 €",21/5/2026,27/5/2026,"7.524,16","-1.740,06","-239,59","47,38 €","-1,16 €","-177,44 €",,
04/06/2026_€_settlement_report_checkout_00000003GL9X_f5ad843fa5d20eddca1d1dd8c221558f.pdf,04/06/2026,"7.375,36 €","2.816,59 €","64,42 €",28/5/2026,3/6/2026,"7.622,69","-2.817,33","57,57","-247,33 €","-0,74 €","121,99 €",,
11/06/2026_€_settlement_report_checkout_00000003H7LC_c541c385f780c3b77bbee049df3dbcac.pdf,11/06/2026,"7.086,68 €","1.420,83 €","0,00 €",4/6/2026,10/6/2026,"7.038,47","-1.422,56","-62,34","48,21 €","-1,73 €","-62,34 €",,
18/06/2026_€_settlement_report_checkout_00000003HW5Z_91054596fe8700f45d70172974ec1c4e.pdf,18/06/2026,"8.560,55 €","1.783,62 €","234,37 €",11/6/2026,17/6/2026,"8.449,30","-1.722,40","-234,38","111,25 €","61,22 €","-0,01 €",,
25/06/2026_settlement_report_checkout_00000003JGDP_56caf9c06ef8e1ce71d4fd522dae6302.pdf,25/06/2026,"8.170,93 €","1.540,70 €","0,00 €",18/6/2026,24/6/2026,"8.177,80","-1.603,32",0,"-6,87 €","-62,62 €","0,00 €",,
02/07/2026_€_settlement_report_checkout_00000003K459_17628c13a05cf4aa896bbf01dcf961b7.pdf,02/07/2026,"7.749,00 €","2.138,93 €","60,87 €",25/6/2026,1/7/2026,"7.699,87","-2.140,79","-63,6","49,13 €","-1,86 €","-2,73 €",,
09/07/2026_€_settlement_report_checkout_00000003KV10_4e6152929e724b651cbf8b8af378f198.pdf,09/07/2026,"10.886,53 €","2.941,06 €","122,33 €",2/7/2026,8/7/2026,"11.009,69","-2.940,43","-61,17","-123,16 €","0,63 €","61,16 €",,
16/07/2026_€_settlement_report_checkout_00000003LCJY_8b13ab4817b73f7c0677238aa0a37cc5.pdf,16/07/2026,"10.597,06 €","2.398,14 €","61,18 €",9/7/2026,15/7/2026,"10.722,42","-2.397,63","-122,59","-125,36 €","0,51 €","-61,41 €",,
23/07/2026_€_settlement_report_checkout_00000003M2X5_c8c8fcef5570480e1ada7f5d786ac939.pdf,23/07/2026,"11.093,30 €","2.719,46 €","61,60 €",16/7/2026,22/7/2026,"10.982,97","-2.656,90","-61,78","110,33 €","62,56 €","-0,18 €",,
27/08/2026_€_settlement_report_checkout_00000003Q8JV_c1f2d7bcf92a7847bbe651a28490731b.pdf,27/08/2026,"5.647,36 €","1.362,16 €","185,48 €",23/7/2026,29/7/2026,"10.181,96","-1.982,11",0,"-4.534,60 €","-619,95 €","185,48 €",,
,,,,,,,,,,,,,,
,,,,,,,,,,,,,,
,,,,,,,,,,,,,,
,,,,,,,,,,,,,,
,,,,,,,,,,,,,,
,,,,,,,,,,,,,,
$I$3,,$L$3,$P$3,$Q$3,$R$3,$S$3,,,,,,,,
"=IFERROR(INDEX(QUERY(SG_Finances!$D$2:$H;""select sum(E) where F='EUR' and D<>'GBP' and G= 'REFUND' and H >= date '""&TEXT($F3;""yyyy-mm-dd"")&""' and H<= date '""&TEXT($G3;""yyyy-mm-dd"")&""'"");2);0)",,=D3-(I3*(-1)),#N/A,#N/A,#N/A,#N/A,,,,,,,,
,,,,,,,,,,,,,,
"$I$3=IFERROR(INDEX(QUERY(SG_Finances!$D$2:$H;""select sum(E) where F='EUR' and D<>'GBP' and G= 'REFUND' and H >= date '""&TEXT($F3;""yyyy-mm-dd"")&""' and H<= date '""&TEXT($G3;""yyyy-mm-dd"")&""'"");2);0)",,$L$3=D3-(I3*(-1)),#N/A,#N/A,#N/A,#N/A,,,,,,,,